<?xml version="1.0" encoding="UTF-8"?>
<XML_DIZ_INFO>
<MASTER_PAD_VERSION_INFO>
    <MASTER_PAD_VERSION>1.15</MASTER_PAD_VERSION>
    <MASTER_PAD_INFO>Portable Application Description, or PAD for short, is a data set that is used by shareware authors to disseminate information to anyone interested in their software products. To find out more go to http://www.asp-shareware.org/pad</MASTER_PAD_INFO>
</MASTER_PAD_VERSION_INFO>
  <RoboSoft>
    <Company_UIN>CMP-002A16B13C9</Company_UIN>
    <Product_UIN>APP-003604D1052</Product_UIN>
    <Search_String>Active Registry Monitor</Search_String>
    <Comments_For_Reviewer></Comments_For_Reviewer>
    <Additional_Categories></Additional_Categories>
  </RoboSoft>
  <Company_Info>
    <Company_Name>SmartLine Inc.</Company_Name>
    <Address_1>2010 Crow Canyon Place, Suite 100</Address_1>
    <Address_2></Address_2>
    <City_Town>San Ramon</City_Town>
    <State_Province>California</State_Province>
    <Zip_Postal_Code>94583</Zip_Postal_Code>
    <Country>United States of America</Country>
    <Company_WebSite_URL>http://www.ntutility.com</Company_WebSite_URL>
    <Contact_Info>
      <Contact_First_Name>Ashot</Contact_First_Name>
      <Contact_Last_Name>Oganesyan</Contact_Last_Name>
      <Contact_Email>ashot@protect-me.com</Contact_Email>
      <Author_First_Name>Ashot</Author_First_Name>
      <Author_Last_Name>Oganesyan</Author_Last_Name>
      <Author_Email>ashot@protect-me.com</Author_Email>
    </Contact_Info>
    <Support_Info>
      <Sales_Email>sales@protect-me.com</Sales_Email>
      <Support_Email>support@protect-me.com</Support_Email>
      <General_Email>info@protect-me.com</General_Email>
      <Sales_Phone></Sales_Phone>
      <Support_Phone></Support_Phone>
      <General_Phone>1 (646) 349-2996</General_Phone>
      <Fax_Phone>1 (646) 349-2996</Fax_Phone>
    </Support_Info>
  </Company_Info>
  <ASP>
    <ASP_FORM>Y</ASP_FORM>
    <ASP_Member>Y</ASP_Member>
    <ASP_Member_Number>03636</ASP_Member_Number>
  </ASP>
  <Program_Info>
    <Program_Name>Active Registry Monitor</Program_Name>
    <Program_Version>1.37</Program_Version>
    <Program_Release_Month>06</Program_Release_Month>
    <Program_Release_Day>04</Program_Release_Day>
    <Program_Release_Year>2003</Program_Release_Year>
    <Program_Cost_Dollars>40</Program_Cost_Dollars>
    <Program_Type>Demo</Program_Type>
    <Program_Release_Status>Minor Update</Program_Release_Status>
    <Program_Install_Support>Install and Uninstall</Program_Install_Support>
    <Program_OS_Support>Win95,Win98,WinME,WinXP,WinNT 4.x,Windows2000</Program_OS_Support>
    <Program_Language>English</Program_Language>
    <File_Info>
      <Filename_Versioned>arm137.zip</Filename_Versioned>
      <Filename_Previous>arm132.zip</Filename_Previous>
      <Filename_Generic>arm.zip</Filename_Generic>
      <Filename_Long>arm.zip</Filename_Long>
      <File_Size_Bytes>1103401</File_Size_Bytes>
      <File_Size_K>1077</File_Size_K>
      <File_Size_MB>1.05</File_Size_MB>
    </File_Info>
    <Expire_Info>
      <Has_Expire_Info>Y</Has_Expire_Info>
      <Expire_Count>30</Expire_Count>
      <Expire_Based_On>Days</Expire_Based_On>
      <Expire_Other_Info></Expire_Other_Info>
      <Expire_Month></Expire_Month>
      <Expire_Day></Expire_Day>
      <Expire_Year></Expire_Year>
    </Expire_Info>
    <Program_Specific_Category>Utilities</Program_Specific_Category>
    <Program_Categories>System/Registry,System Utilities :: Registry</Program_Categories>
    <Program_System_Requirements>Win95 or later, 16MB RAM</Program_System_Requirements>
    <Includes_JAVA_VM>N</Includes_JAVA_VM>
    <Includes_VB_Runtime>N</Includes_VB_Runtime>
    <Includes_DirectX>N</Includes_DirectX>
    <Program_Cost_Other></Program_Cost_Other>
    <Program_Change_Info></Program_Change_Info>
    <Limitations></Limitations>
    <Awards></Awards>
  </Program_Info>
  <Program_Descriptions>
    <English>
      <Keywords>regmon,registry monitor,windows registry,registry,analyse</Keywords>
      <Char_Desc_45>A tool to analyse the changes in the Registry</Char_Desc_45>
      <Char_Desc_80>Utility designed for analysing the changes made in Windows Registry</Char_Desc_80>
      <Char_Desc_250>Active Registry Monitor is an utility designed for analysing the changes made to Windows Registry - by making the "snapshots" of it and keeping them in the browsable database. You can compare any two snapshots and see the difference between them.</Char_Desc_250>
      <Char_Desc_450>Active Registry Monitor (ARM) is an utility designed for analysing the changes made to Windows Registry - by making the "snapshots" of it and keeping them in the browsable database. You can compare any two snapshots and get the list of keys/data which are new, deleted or just changed. ARM can do comparing not only in the entire Regisrty, but also in any key of the Registry.</Char_Desc_450>
      <Char_Desc_2000>Active Registry Monitor (ARM) is an utility designed for analysing the changes made to Windows Registry - by making the "snapshots" of it and keeping them in the browsable database. You can compare any two snapshots and get the list of keys/data which are new, deleted or just changed. ARM can do comparing not only in the entire Regisrty, but also in any key of the Registry. It is also possible to exclude any keys of the Registry from compare results. Moreover, you can create undo/redo files (for example, to rollback the changes). To view the current state of a key, or to modify it, you can use Jump to Regedit function. Contents of any key can be exported to *.reg file. Very useful for detecting trojan viruses and elimination some problems caused by software and hardware install/uninstall. Unlike Registry monitoring software (such as RegMon and Win-Expose Registry), and most uninstallers (CleenSweep, Uninstall, etc.), ARM compares full copies of the Registry made at different times, while the software mantioned above just monitors all accesses to the Registry in real time. So, our method allows to track all the changes, and doesn't affect the system performance.</Char_Desc_2000>
    </English>
    <German>
      <Keywords></Keywords>
      <Char_Desc_45></Char_Desc_45>
      <Char_Desc_80></Char_Desc_80>
      <Char_Desc_250></Char_Desc_250>
      <Char_Desc_450></Char_Desc_450>
      <Char_Desc_2000></Char_Desc_2000>
    </German>
    <Russian>
      <Keywords></Keywords>
      <Char_Desc_45></Char_Desc_45>
      <Char_Desc_80></Char_Desc_80>
      <Char_Desc_250></Char_Desc_250>
      <Char_Desc_450></Char_Desc_450>
      <Char_Desc_2000></Char_Desc_2000>
    </Russian>
    <Ukrainian>
      <Keywords></Keywords>
      <Char_Desc_45></Char_Desc_45>
      <Char_Desc_80></Char_Desc_80>
      <Char_Desc_250></Char_Desc_250>
      <Char_Desc_450></Char_Desc_450>
      <Char_Desc_2000></Char_Desc_2000>
    </Ukrainian>
  </Program_Descriptions>
  <Web_Info>
    <Application_URLs>
      <Application_Info_URL>http://www.protect-me.com/arm/index.htm</Application_Info_URL>
      <Application_Order_URL>http://www.protect-me.com/arm/register.html</Application_Order_URL>
      <Application_Screenshot_URL>http://www.protect-me.com/img/arm.gif</Application_Screenshot_URL>
      <Application_Icon_URL>http://www.protect-me.com/img/armicon.gif</Application_Icon_URL>
      <Application_XML_File_URL>http://www.protect-me.com/arm/arm.xml</Application_XML_File_URL>
    </Application_URLs>
    <Download_URLs>
      <Primary_Download_URL>http://www.protect-me.com/arm.zip</Primary_Download_URL>
      <Secondary_Download_URL></Secondary_Download_URL>
      <Additional_Download_URL_1></Additional_Download_URL_1>
      <Additional_Download_URL_2></Additional_Download_URL_2>
    </Download_URLs>
  </Web_Info>
  <Permissions>
    <Distribution_Permissions>An unregistered, evaluation version of Active Registry Monitor may be freely distributed, provided the distribution package is not modified. No person nor company may charge a fee for the distribution of Active Registry Monitor without written permission from the copyright holder SmartLine Inc.</Distribution_Permissions>
    <EULA>END-USER LICENSE AGREEMENT FOR Active Registry Monitor: 

- All copyrights to Active Registry Monitor are exclusively owned by SmartLine Inc. 

- Anyone may use this software during a trial period of 30 days only, on one computer of a local network, at any single time. Following this trial period of 30 days, if you wish to continue to use Active Registry Monitor then you MUST register. 

- A registered user is granted a non-exclusive license to use Active Registry Monitor on one computer at a time, for any legal purpose. The registered Active Registry Monitor software may not be rented nor leased, but may be permanently transferred, if the person receiving it agrees to the terms of this license. If the software is an update, the transfer must include all updates and all previous versions of the Active Registry Monitor software. 

- An unregistered, evaluation version of Active Registry Monitor may be freely distributed, provided the distribution package is not modified. No person nor company may charge a fee for the distribution of Active Registry Monitor without written permission from the copyright holder SmartLine Inc.

- To register, you must complete the registration form and send it, with the registration fee, to one of the authorized registration sites. 

- Active Registry Monitor IS DISTRIBUTED "AS IS". NO WARRANTY OF ANY KIND IS EXPRESSED OR IMPLIED. YOU USE IT AT YOUR OWN RISK. THE AUTHOR OR SMARTLINE INC WILL NOT BE HELD LIABLE FOR DATA LOSS, DAMAGES, LOSS OF PROFITS NOR ANY OTHER KIND OF LOSS AS A RESULT OF OR WHILE USING OR MISUSING THIS SOFTWARE. 

- You may not use, copy, emulate, clone, rent, lease, sell, modify, decompile, disassemble, otherwise reverse engineer, nor transfer the licensed program, nor any subset of the licensed program, except as provided for in this agreement. Any such unauthorized use shall result in immediate and automatic termination of this license and may result in criminal and/or civil prosecution. All rights not expressly granted here are reserved by SmartLine Inc. 

- This Agreement and any dispute relating to Active Registry Monitor or to this Agreement shall be governed by the laws of the Russian Federation. You agree and consent that jurisdiction and proper venue for all claims, actions and proceedings of any kind relating to SmartLine Inc or the matters in this Agreement shall be exclusively in courts located in Moscow. Installing and using Active Registry Monitor signifies acceptance of these terms and conditions of the license. 

- If you do not agree with the terms of this license you must remove Active Registry Monitor files from your storage devices and cease to use the product.</EULA>
  </Permissions>
  <Download.lv>
    <downloadlv_program_category>Utilities - System</downloadlv_program_category>
  </Download.lv>
  <MSN>
    <MSN_FORM>Y</MSN_FORM>
    <MSN_IS_32bit>Y</MSN_IS_32bit>
  </MSN>
  <Simtel>
    <Simtel_FORM>Y</Simtel_FORM>
    <Simtel_Platform>win95 - Win95/Win98/WinME</Simtel_Platform>
    <Simtel_Category>Utilities/Drivers/Systems Files - util Miscellaneous Utilities</Simtel_Category>
    <SIMTEL_FORM_VER>1.6 11/26/2002</SIMTEL_FORM_VER>
    <Simtel_Agent>ashot@protect-me.com</Simtel_Agent>
    <Simtel_DOS_Category></Simtel_DOS_Category>
  </Simtel>
  <ZDNET>
    <ZDNET_FORM>Y</ZDNET_FORM>
    <ZDNET_Product_ID_Code>001F8R</ZDNET_Product_ID_Code>
  </ZDNET>
  <Delphi>
    <D1>FALSE</D1>
    <D2>FALSE</D2>
    <D3>FALSE</D3>
    <D4>FALSE</D4>
    <D5>FALSE</D5>
    <D6>FALSE</D6>
    <D7>FALSE</D7>
    <BCB1>FALSE</BCB1>
    <BCB3>FALSE</BCB3>
    <BCB4>FALSE</BCB4>
    <BCB5>FALSE</BCB5>
    <BCB6>FALSE</BCB6>
    <K1>FALSE</K1>
    <K2></K2>
    <K3></K3>
    <D1_URL></D1_URL>
    <D2_URL></D2_URL>
    <D3_URL></D3_URL>
    <D4_URL></D4_URL>
    <D5_URL></D5_URL>
    <D6_URL></D6_URL>
    <D7_URL></D7_URL>
    <BCB1_URL></BCB1_URL>
    <BCB3_URL></BCB3_URL>
    <BCB4_URL></BCB4_URL>
    <BCB5_URL></BCB5_URL>
    <BCB6_URL></BCB6_URL>
    <K1_URL></K1_URL>
    <K2_URL></K2_URL>
    <K3_URL></K3_URL>
    <Type></Type>
    <Price></Price>
    <Source></Source>
    <File_Location></File_Location>
    <Link_URL></Link_URL>
    <Download_URL></Download_URL>
    <Version></Version>
    <Notes></Notes>
  </Delphi>
  <Affiliates>
    <Affiliates_FORM>Y</Affiliates_FORM>
    <Affiliates_FORM_VER>1.1 12/04/2002</Affiliates_FORM_VER>
    <Affiliates_Regsoft_Order_Page></Affiliates_Regsoft_Order_Page>
    <Affiliates_Regsoft_Vendor_ID></Affiliates_Regsoft_Vendor_ID>
    <Affiliates_Regsoft_Product_ID></Affiliates_Regsoft_Product_ID>
    <Affiliates_Regnow_Order_Page></Affiliates_Regnow_Order_Page>
    <Affiliates_Regnow_Vendor_ID></Affiliates_Regnow_Vendor_ID>
    <Affiliates_Regnow_Product_ID></Affiliates_Regnow_Product_ID>
    <Affiliates_ShareIt_Vendor_ID></Affiliates_ShareIt_Vendor_ID>
    <Affiliates_ShareIt_Product_ID></Affiliates_ShareIt_Product_ID>
  </Affiliates>
  <PADRING></PADRING>
</XML_DIZ_INFO>
